{
    "navItems": [
        {
            "linkTag": true,
            "buttonTag": false,
            "label": "Getting Started",
            "url": "#"
        },
        {
            "linkTag": true,
            "buttonTag": false,
            "label": "Guidelines",
            "url": "#",
            "navIcon": "chevron-right",
            "navChild": {
                "navChildList": [
                    {
                        "label": "Code conventions"
                    },
                    {
                        "label": "Writing Guidelines"
                    }
                ]
            }
        },
        {
            "linkTag": true,
            "buttonTag": false,
            "label": "Styles",
            "url": "#",
            "navIcon": "chevron-right",
            "navChild": {
                "navChildList": [
                    {
                        "label": "Color Palette"
                    },
                    {
                        "label": "Typography"
                    }
                ]
            }
        },
        {
            "linkTag": true,
            "buttonTag": false,
            "label": "Components",
            "url": "#",
            "navIcon": "chevron-right",
            "navChild": {
                "navChildList": [
                    {
                        "label": "Blocks and cards",
                        "subnavIcon": "chevron-right",
                        "subnavChild": {
                            "subnavChildList": [
                                {
                                    "label": "Overview"
                                }
                            ]
                        }
                    },
                    {
                        "label": "Buttons",
                        "subnavIcon": "chevron-right",
                        "subnavChild": {
                            "subnavChildList": [
                                {
                                    "label": "Overview"
                                }
                            ]
                        }
                    },
                    {
                        "label": "Charts and graphs",
                        "subnavIcon": "chevron-right",
                        "subnavChild": {
                            "subnavChildList": [
                                {
                                    "label": "Overview"
                                }
                            ]
                        }
                    },
                    {
                        "label": "Form controls",
                        "subnavIcon": "chevron-right",
                        "subnavChild": {
                            "subnavChildList": [
                                {
                                    "label": "Overview"
                                }
                            ]
                        }
                    },
                    {
                        "label": "Headers and footers",
                        "subnavIcon": "chevron-right",
                        "subnavChild": {
                            "subnavChildList": [
                                {
                                    "label": "Overview"
                                }
                            ]
                        }
                    },
                    {
                        "label": "Imagery",
                        "subnavIcon": "chevron-right",
                        "subnavChild": {
                            "subnavChildList": [
                                {
                                    "label": "Overview"
                                }
                            ]
                        }
                    },
                    {
                        "label": "Icons",
                        "subnavIcon": "chevron-right",
                        "subnavChild": {
                            "subnavChildList": [
                                {
                                    "label": "Overview"
                                }
                            ]
                        }
                    },
                    {
                        "label": "Interactive panels",
                        "subnavIcon": "chevron-right",
                        "subnavChild": {
                            "subnavChildList": [
                                {
                                    "label": "Overview"
                                }
                            ]
                        }
                    },
                    {
                        "label": "Lists and collections",
                        "subnavIcon": "chevron-right",
                        "subnavChild": {
                            "subnavChildList": [
                                {
                                    "label": "Overview"
                                }
                            ]
                        }
                    },
                    {
                        "label": "Media",
                        "subnavIcon": "chevron-right",
                        "subnavChild": {
                            "subnavChildList": [
                                {
                                    "label": "Overview"
                                }
                            ]
                        }
                    },
                    {
                        "label": "Messaging",
                        "subnavIcon": "chevron-right",
                        "subnavChild": {
                            "subnavChildList": [
                                {
                                    "label": "Overview"
                                }
                            ]
                        }
                    },
                    {
                        "label": "Navigation",
                        "subnavIcon": "chevron-right",
                        "subnavChild": {
                            "subnavChildList": [
                                {
                                    "label": "Overview"
                                }
                            ]
                        }
                    },
                    {
                        "label": "Tables",
                        "subnavIcon": "chevron-right",
                        "subnavChild": {
                            "subnavChildList": [
                                {
                                    "label": "Overview"
                                }
                            ]
                        }
                    },
                    {
                        "label": "Text",
                        "subnavIcon": "chevron-right",
                        "subnavChild": {
                            "subnavChildList": [
                                {
                                    "label": "Overview"
                                }
                            ]
                        }
                    }
                ]
            }
        },
        {
            "linkTag": true,
            "buttonTag": false,
            "label": "Utilities",
            "url": "#"
        },
        {
            "linkTag": true,
            "buttonTag": false,
            "label": "Patterns & Flows",
            "url": "#"
        },
        {
            "linkTag": true,
            "buttonTag": false,
            "label": "Contribute",
            "url": "#"
        }
    ]
}
