{
    "primaryNav": {
        "navItems": [
            {
                "label": "Change Roles",
                "url": "#",
                "navChild": {
                    "navChildList": [
                        {
                            "label": "Menu Item 1",
                            "url": "#"
                        },
                        {
                            "label": "Menu Item 2",
                            "url": "#"
                        },
                        {
                            "label": "Menu Item 3",
                            "url": "#"
                        }
                    ]
                }
            },
            {
                "navIcon": "gen-lifebelt",
                "label": "Help",
                "url": "#"
            },
            {
                "label": "Log Out Oliver Queen",
                "url": "#"
            }
        ]
    },
    "utilityNav": false,
    "breadcrumbs": [
        {
            "breadcrumbsIconBefore": "home",
            "label": false
        },
        {
            "label": "Training Overview",
            "breadcrumbsIcon": "chevron-right"
        },
        {
            "label": "Using Canalyn 101"
        }
    ],
    "page": {
        "title": "Using Canalyn 101",
        "description": false
    },
    "pageHeaderBadges": [
        {
            "styleModifier": "ads-c-badge--purple",
            "badge": "Self Training"
        },
        {
            "styleModifier": "ads-c-badge--dark-blue",
            "badge": "Current"
        }
    ],
    "definitionList": {
        "styleModifier": "ads-c-definition-list--vertical",
        "items": [
            {
                "term": "Enrolled",
                "description": "99 of 100"
            },
            {
                "term": "Activated Date",
                "description": "5/14/2018"
            },
            {
                "term": "Effective Date",
                "description": "5/14/2018"
            }
        ]
    },
    "tableSection": false,
    "tableTabs": {
        "tabs": [
            {
                "label": "Employees",
                "id": "tab-panel-1",
                "tabsTextPassage": false,
                "tabsTable": {
                    "tableHeaderToolbar": {
                        "toolbarSectionHeader": {
                            "heading": "Employees",
                            "description": "1,200 Total — 97% Complete"
                        },
                        "toolbarSearch": {
                            "styleModifier": "ads-c-search--small",
                            "label": "Search",
                            "placeholder": "Search",
                            "searchFormButton": {
                                "styleModifier": "ads-u-is-vishidden",
                                "buttonText": "Search"
                            }
                        },
                        "toolbarDropdown": {
                            "dropdownButton": {
                                "styleModifier": "ads-c-btn--small ads-c-btn--secondary ads-js-dropdown-trigger",
                                "buttonIcon": "equalizer",
                                "buttonText": "Filter"
                            },
                            "dropdownList": [
                                {
                                    "label": "Role"
                                },
                                {
                                    "label": "Manager"
                                },
                                {
                                    "label": "Status"
                                }
                            ]
                        },
                        "toolbarButtonGroup": {
                            "buttonGroup": [
                                {
                                    "styleModifier": "ads-c-btn--small",
                                    "title": "Add row",
                                    "buttonText": false,
                                    "buttonIcon": "plus2"
                                }
                            ]
                        }
                    },
                    "dataTable": {
                        "tableHeaderCells": [
                            {
                                "th": "Name"
                            },
                            {
                                "th": "Manager"
                            },
                            {
                                "th": "Overall %"
                            },
                            {
                                "th": "Enrolled"
                            }
                        ],
                        "tableRows": [
                            {
                                "tableCells": [
                                    {
                                        "td": "Oliver Queen"
                                    },
                                    {
                                        "td": "Diana Prince"
                                    },
                                    {
                                        "td": false,
                                        "progressBar": {
                                            "max": 100,
                                            "progressValue": 96,
                                            "label": "96%"
                                        }
                                    },
                                    {
                                        "td": "12"
                                    }
                                ]
                            },
                            {
                                "tableCells": [
                                    {
                                        "td": "Oliver Queen"
                                    },
                                    {
                                        "td": "Diana Prince"
                                    },
                                    {
                                        "td": false,
                                        "progressBar": {
                                            "max": 100,
                                            "progressValue": 76,
                                            "label": "76%"
                                        }
                                    },
                                    {
                                        "td": "12"
                                    }
                                ]
                            },
                            {
                                "tableCells": [
                                    {
                                        "td": "Oliver Queen"
                                    },
                                    {
                                        "td": "Diana Prince"
                                    },
                                    {
                                        "td": false,
                                        "progressBar": {
                                            "max": 100,
                                            "progressValue": 30,
                                            "label": "30%"
                                        }
                                    },
                                    {
                                        "td": "12"
                                    }
                                ]
                            },
                            {
                                "tableCells": [
                                    {
                                        "td": "Oliver Queen"
                                    },
                                    {
                                        "td": "Diana Prince"
                                    },
                                    {
                                        "td": false,
                                        "progressBar": {
                                            "max": 100,
                                            "progressValue": 25,
                                            "label": "25%"
                                        }
                                    },
                                    {
                                        "td": "12"
                                    }
                                ]
                            },
                            {
                                "tableCells": [
                                    {
                                        "td": "Oliver Queen"
                                    },
                                    {
                                        "td": "Diana Prince"
                                    },
                                    {
                                        "td": false,
                                        "progressBar": {
                                            "max": 100,
                                            "progressValue": 50,
                                            "label": "50%"
                                        }
                                    },
                                    {
                                        "td": "12"
                                    }
                                ]
                            },
                            {
                                "tableCells": [
                                    {
                                        "td": "Oliver Queen"
                                    },
                                    {
                                        "td": "Diana Prince"
                                    },
                                    {
                                        "td": false,
                                        "progressBar": {
                                            "max": 100,
                                            "progressValue": 70,
                                            "label": "70%"
                                        }
                                    },
                                    {
                                        "td": "12"
                                    }
                                ]
                            },
                            {
                                "tableCells": [
                                    {
                                        "td": "Oliver Queen"
                                    },
                                    {
                                        "td": "Diana Prince"
                                    },
                                    {
                                        "td": false,
                                        "progressBar": {
                                            "max": 100,
                                            "progressValue": 96,
                                            "label": "96%"
                                        }
                                    },
                                    {
                                        "td": "12"
                                    }
                                ]
                            },
                            {
                                "tableCells": [
                                    {
                                        "td": "Oliver Queen"
                                    },
                                    {
                                        "td": "Diana Prince"
                                    },
                                    {
                                        "td": false,
                                        "progressBar": {
                                            "max": 100,
                                            "progressValue": 96,
                                            "label": "96%"
                                        }
                                    },
                                    {
                                        "td": "12"
                                    }
                                ]
                            },
                            {
                                "tableCells": [
                                    {
                                        "td": "Oliver Queen"
                                    },
                                    {
                                        "td": "Diana Prince"
                                    },
                                    {
                                        "td": false,
                                        "progressBar": {
                                            "max": 100,
                                            "progressValue": 96,
                                            "label": "96%"
                                        }
                                    },
                                    {
                                        "td": "12"
                                    }
                                ]
                            },
                            {
                                "tableCells": [
                                    {
                                        "td": "Oliver Queen"
                                    },
                                    {
                                        "td": "Diana Prince"
                                    },
                                    {
                                        "td": false,
                                        "progressBar": {
                                            "max": 100,
                                            "progressValue": 96,
                                            "label": "96%"
                                        }
                                    },
                                    {
                                        "td": "12"
                                    }
                                ]
                            },
                            {
                                "tableCells": [
                                    {
                                        "td": "Oliver Queen"
                                    },
                                    {
                                        "td": "Diana Prince"
                                    },
                                    {
                                        "td": false,
                                        "progressBar": {
                                            "max": 100,
                                            "progressValue": 96,
                                            "label": "96%"
                                        }
                                    },
                                    {
                                        "td": "12"
                                    }
                                ]
                            },
                            {
                                "tableCells": [
                                    {
                                        "td": "Oliver Queen"
                                    },
                                    {
                                        "td": "Diana Prince"
                                    },
                                    {
                                        "td": false,
                                        "progressBar": {
                                            "max": 100,
                                            "progressValue": 96,
                                            "label": "96%"
                                        }
                                    },
                                    {
                                        "td": "12"
                                    }
                                ]
                            }
                        ],
                        "tableFooterCells": false
                    }
                }
            },
            {
                "label": "Sessions",
                "id": "tab-panel-2",
                "tabsTextPassage": false,
                "tabsTable": {
                    "tableHeaderToolbar": {
                        "toolbarSectionHeader": {
                            "heading": "Employees",
                            "description": "1,200 Total — 97% Complete"
                        },
                        "toolbarSearch": {
                            "styleModifier": "ads-c-search--small",
                            "label": "Search",
                            "placeholder": "Search",
                            "searchFormButton": {
                                "styleModifier": "ads-u-is-vishidden",
                                "buttonText": "Search"
                            }
                        },
                        "toolbarDropdown": {
                            "dropdownButton": {
                                "styleModifier": "ads-c-btn--small ads-c-btn--secondary ads-js-dropdown-trigger",
                                "buttonIcon": "equalizer",
                                "buttonText": "Filter"
                            },
                            "dropdownList": [
                                {
                                    "label": "Role"
                                },
                                {
                                    "label": "Manager"
                                },
                                {
                                    "label": "Status"
                                }
                            ]
                        },
                        "toolbarButtonGroup": {
                            "buttonGroup": [
                                {
                                    "styleModifier": "ads-c-btn--small",
                                    "title": "Add row",
                                    "buttonText": false,
                                    "buttonIcon": "plus2"
                                }
                            ]
                        }
                    },
                    "dataTable": {
                        "tableHeaderCells": [
                            {
                                "th": "Name"
                            },
                            {
                                "th": "Manager"
                            },
                            {
                                "th": "Overall %"
                            },
                            {
                                "th": "Enrolled"
                            }
                        ],
                        "tableRows": [
                            {
                                "tableCells": [
                                    {
                                        "td": "John Smith"
                                    },
                                    {
                                        "td": "Diana Prince"
                                    },
                                    {
                                        "td": false,
                                        "progressBar": {
                                            "max": 100,
                                            "progressValue": 96,
                                            "label": "96%"
                                        }
                                    },
                                    {
                                        "td": "12"
                                    }
                                ]
                            },
                            {
                                "tableCells": [
                                    {
                                        "td": "John Smith"
                                    },
                                    {
                                        "td": "Karen Studabaker"
                                    },
                                    {
                                        "td": false,
                                        "progressBar": {
                                            "max": 100,
                                            "progressValue": 76,
                                            "label": "76%"
                                        }
                                    },
                                    {
                                        "td": "12"
                                    }
                                ]
                            },
                            {
                                "tableCells": [
                                    {
                                        "td": "John Smith"
                                    },
                                    {
                                        "td": "Karen Studabaker"
                                    },
                                    {
                                        "td": false,
                                        "progressBar": {
                                            "max": 100,
                                            "progressValue": 30,
                                            "label": "30%"
                                        }
                                    },
                                    {
                                        "td": "12"
                                    }
                                ]
                            },
                            {
                                "tableCells": [
                                    {
                                        "td": "John Smith"
                                    },
                                    {
                                        "td": "Karen Studabaker"
                                    },
                                    {
                                        "td": false,
                                        "progressBar": {
                                            "max": 100,
                                            "progressValue": 25,
                                            "label": "25%"
                                        }
                                    },
                                    {
                                        "td": "12"
                                    }
                                ]
                            },
                            {
                                "tableCells": [
                                    {
                                        "td": "John Smith"
                                    },
                                    {
                                        "td": "Karen Studabaker"
                                    },
                                    {
                                        "td": false,
                                        "progressBar": {
                                            "max": 100,
                                            "progressValue": 50,
                                            "label": "50%"
                                        }
                                    },
                                    {
                                        "td": "12"
                                    }
                                ]
                            },
                            {
                                "tableCells": [
                                    {
                                        "td": "John Smith"
                                    },
                                    {
                                        "td": "Karen Studabaker"
                                    },
                                    {
                                        "td": false,
                                        "progressBar": {
                                            "max": 100,
                                            "progressValue": 70,
                                            "label": "70%"
                                        }
                                    },
                                    {
                                        "td": "12"
                                    }
                                ]
                            },
                            {
                                "tableCells": [
                                    {
                                        "td": "John Smith"
                                    },
                                    {
                                        "td": "Karen Studabaker"
                                    },
                                    {
                                        "td": false,
                                        "progressBar": {
                                            "max": 100,
                                            "progressValue": 96,
                                            "label": "96%"
                                        }
                                    },
                                    {
                                        "td": "12"
                                    }
                                ]
                            },
                            {
                                "tableCells": [
                                    {
                                        "td": "John Smith"
                                    },
                                    {
                                        "td": "Karen Studabaker"
                                    },
                                    {
                                        "td": false,
                                        "progressBar": {
                                            "max": 100,
                                            "progressValue": 96,
                                            "label": "96%"
                                        }
                                    },
                                    {
                                        "td": "12"
                                    }
                                ]
                            },
                            {
                                "tableCells": [
                                    {
                                        "td": "John Smith"
                                    },
                                    {
                                        "td": "Karen Studabaker"
                                    },
                                    {
                                        "td": false,
                                        "progressBar": {
                                            "max": 100,
                                            "progressValue": 96,
                                            "label": "96%"
                                        }
                                    },
                                    {
                                        "td": "12"
                                    }
                                ]
                            },
                            {
                                "tableCells": [
                                    {
                                        "td": "John Smith"
                                    },
                                    {
                                        "td": "Karen Studabaker"
                                    },
                                    {
                                        "td": false,
                                        "progressBar": {
                                            "max": 100,
                                            "progressValue": 96,
                                            "label": "96%"
                                        }
                                    },
                                    {
                                        "td": "12"
                                    }
                                ]
                            },
                            {
                                "tableCells": [
                                    {
                                        "td": "John Smith"
                                    },
                                    {
                                        "td": "Karen Studabaker"
                                    },
                                    {
                                        "td": false,
                                        "progressBar": {
                                            "max": 100,
                                            "progressValue": 96,
                                            "label": "96%"
                                        }
                                    },
                                    {
                                        "td": "12"
                                    }
                                ]
                            },
                            {
                                "tableCells": [
                                    {
                                        "td": "John Smith"
                                    },
                                    {
                                        "td": "Karen Studabaker"
                                    },
                                    {
                                        "td": false,
                                        "progressBar": {
                                            "max": 100,
                                            "progressValue": 96,
                                            "label": "96%"
                                        }
                                    },
                                    {
                                        "td": "12"
                                    }
                                ]
                            }
                        ],
                        "tableFooterCells": false
                    }
                }
            },
            {
                "label": "Costs",
                "id": "tab-panel-3",
                "tabsTextPassage": false,
                "tabsTable": {
                    "tableHeaderToolbar": {
                        "toolbarSectionHeader": false,
                        "toolbarSearch": {
                            "styleModifier": "ads-c-search--small",
                            "label": "Search",
                            "placeholder": "Search",
                            "searchFormButton": {
                                "styleModifier": "ads-u-is-vishidden",
                                "buttonText": "Search"
                            }
                        },
                        "toolbarDropdown": {
                            "dropdownButton": {
                                "styleModifier": "ads-c-btn--small ads-c-btn--secondary ads-js-dropdown-trigger",
                                "buttonIcon": "equalizer",
                                "buttonText": "Filter"
                            },
                            "dropdownList": [
                                {
                                    "label": "Role"
                                },
                                {
                                    "label": "Manager"
                                },
                                {
                                    "label": "Status"
                                }
                            ]
                        },
                        "toolbarButtonGroup": {
                            "buttonGroup": [
                                {
                                    "styleModifier": "ads-c-btn--small",
                                    "title": "Add row",
                                    "buttonText": false,
                                    "buttonIcon": "plus2"
                                }
                            ]
                        }
                    },
                    "dataTable": {
                        "tableHeaderCells": [
                            {
                                "th": "Name"
                            },
                            {
                                "th": "Manager"
                            },
                            {
                                "th": "Overall %"
                            },
                            {
                                "th": "Enrolled"
                            }
                        ],
                        "tableRows": [
                            {
                                "tableCells": [
                                    {
                                        "td": "Oliver Queen"
                                    },
                                    {
                                        "td": "Diana Prince"
                                    },
                                    {
                                        "td": false,
                                        "progressBar": {
                                            "max": 100,
                                            "progressValue": 96,
                                            "label": "96%"
                                        }
                                    },
                                    {
                                        "td": "12"
                                    }
                                ]
                            },
                            {
                                "tableCells": [
                                    {
                                        "td": "Oliver Queen"
                                    },
                                    {
                                        "td": "Diana Prince"
                                    },
                                    {
                                        "td": false,
                                        "progressBar": {
                                            "max": 100,
                                            "progressValue": 76,
                                            "label": "76%"
                                        }
                                    },
                                    {
                                        "td": "12"
                                    }
                                ]
                            },
                            {
                                "tableCells": [
                                    {
                                        "td": "Oliver Queen"
                                    },
                                    {
                                        "td": "Diana Prince"
                                    },
                                    {
                                        "td": false,
                                        "progressBar": {
                                            "max": 100,
                                            "progressValue": 30,
                                            "label": "30%"
                                        }
                                    },
                                    {
                                        "td": "12"
                                    }
                                ]
                            },
                            {
                                "tableCells": [
                                    {
                                        "td": "Oliver Queen"
                                    },
                                    {
                                        "td": "Diana Prince"
                                    },
                                    {
                                        "td": false,
                                        "progressBar": {
                                            "max": 100,
                                            "progressValue": 25,
                                            "label": "25%"
                                        }
                                    },
                                    {
                                        "td": "12"
                                    }
                                ]
                            },
                            {
                                "tableCells": [
                                    {
                                        "td": "Oliver Queen"
                                    },
                                    {
                                        "td": "Diana Prince"
                                    },
                                    {
                                        "td": false,
                                        "progressBar": {
                                            "max": 100,
                                            "progressValue": 50,
                                            "label": "50%"
                                        }
                                    },
                                    {
                                        "td": "12"
                                    }
                                ]
                            },
                            {
                                "tableCells": [
                                    {
                                        "td": "Oliver Queen"
                                    },
                                    {
                                        "td": "Diana Prince"
                                    },
                                    {
                                        "td": false,
                                        "progressBar": {
                                            "max": 100,
                                            "progressValue": 70,
                                            "label": "70%"
                                        }
                                    },
                                    {
                                        "td": "12"
                                    }
                                ]
                            },
                            {
                                "tableCells": [
                                    {
                                        "td": "Oliver Queen"
                                    },
                                    {
                                        "td": "Diana Prince"
                                    },
                                    {
                                        "td": false,
                                        "progressBar": {
                                            "max": 100,
                                            "progressValue": 96,
                                            "label": "96%"
                                        }
                                    },
                                    {
                                        "td": "12"
                                    }
                                ]
                            },
                            {
                                "tableCells": [
                                    {
                                        "td": "Oliver Queen"
                                    },
                                    {
                                        "td": "Diana Prince"
                                    },
                                    {
                                        "td": false,
                                        "progressBar": {
                                            "max": 100,
                                            "progressValue": 96,
                                            "label": "96%"
                                        }
                                    },
                                    {
                                        "td": "12"
                                    }
                                ]
                            },
                            {
                                "tableCells": [
                                    {
                                        "td": "Oliver Queen"
                                    },
                                    {
                                        "td": "Diana Prince"
                                    },
                                    {
                                        "td": false,
                                        "progressBar": {
                                            "max": 100,
                                            "progressValue": 96,
                                            "label": "96%"
                                        }
                                    },
                                    {
                                        "td": "12"
                                    }
                                ]
                            },
                            {
                                "tableCells": [
                                    {
                                        "td": "Oliver Queen"
                                    },
                                    {
                                        "td": "Diana Prince"
                                    },
                                    {
                                        "td": false,
                                        "progressBar": {
                                            "max": 100,
                                            "progressValue": 96,
                                            "label": "96%"
                                        }
                                    },
                                    {
                                        "td": "12"
                                    }
                                ]
                            },
                            {
                                "tableCells": [
                                    {
                                        "td": "Oliver Queen"
                                    },
                                    {
                                        "td": "Diana Prince"
                                    },
                                    {
                                        "td": false,
                                        "progressBar": {
                                            "max": 100,
                                            "progressValue": 96,
                                            "label": "96%"
                                        }
                                    },
                                    {
                                        "td": "12"
                                    }
                                ]
                            },
                            {
                                "tableCells": [
                                    {
                                        "td": "Oliver Queen"
                                    },
                                    {
                                        "td": "Diana Prince"
                                    },
                                    {
                                        "td": false,
                                        "progressBar": {
                                            "max": 100,
                                            "progressValue": 96,
                                            "label": "96%"
                                        }
                                    },
                                    {
                                        "td": "12"
                                    }
                                ]
                            }
                        ],
                        "tableFooterCells": false
                    }
                }
            },
            {
                "label": "Other",
                "id": "tab-panel-4",
                "tabsTextPassage": false,
                "tabsTable": {
                    "tableHeaderToolbar": {
                        "toolbarSectionHeader": false,
                        "toolbarSearch": {
                            "styleModifier": "ads-c-search--small",
                            "label": "Search",
                            "placeholder": "Search",
                            "searchFormButton": {
                                "styleModifier": "ads-u-is-vishidden",
                                "buttonText": "Search"
                            }
                        },
                        "toolbarDropdown": {
                            "dropdownButton": {
                                "styleModifier": "ads-c-btn--small ads-c-btn--secondary ads-js-dropdown-trigger",
                                "buttonIcon": "equalizer",
                                "buttonText": "Filter"
                            },
                            "dropdownList": [
                                {
                                    "label": "Role"
                                },
                                {
                                    "label": "Manager"
                                },
                                {
                                    "label": "Status"
                                }
                            ]
                        },
                        "toolbarButtonGroup": {
                            "buttonGroup": [
                                {
                                    "styleModifier": "ads-c-btn--small",
                                    "title": "Add row",
                                    "buttonText": false,
                                    "buttonIcon": "plus2"
                                }
                            ]
                        }
                    },
                    "dataTable": {
                        "tableHeaderCells": [
                            {
                                "th": "NIID"
                            },
                            {
                                "th": "Reports to QA"
                            },
                            {
                                "th": "Is reviewed"
                            },
                            {
                                "th": "IQVIA findings"
                            },
                            {
                                "th": "Reviewed by"
                            }
                        ],
                        "tableRows": [
                            {
                                "tableCells": [
                                    {
                                        "td": "99866"
                                    },
                                    {
                                        "td": "Lorem ipsum dolor sit amet, consectetur adipisicing elit"
                                    },
                                    {
                                        "td": "Not reviewed"
                                    },
                                    {
                                        "td": "-"
                                    },
                                    {
                                        "td": "oliver.queen"
                                    }
                                ]
                            },
                            {
                                "tableCells": [
                                    {
                                        "td": "99866"
                                    },
                                    {
                                        "td": "Lorem ipsum dolor sit amet, consectetur adipisicing elit"
                                    },
                                    {
                                        "td": "Not reviewed"
                                    },
                                    {
                                        "td": "-"
                                    },
                                    {
                                        "td": "oliver.queen"
                                    }
                                ]
                            },
                            {
                                "tableCells": [
                                    {
                                        "td": "99866"
                                    },
                                    {
                                        "td": "Lorem ipsum dolor sit amet, consectetur adipisicing elit"
                                    },
                                    {
                                        "td": "Not reviewed"
                                    },
                                    {
                                        "td": "-"
                                    },
                                    {
                                        "td": "oliver.queen"
                                    }
                                ]
                            },
                            {
                                "tableCells": [
                                    {
                                        "td": "99866"
                                    },
                                    {
                                        "td": "Lorem ipsum dolor sit amet, consectetur adipisicing elit"
                                    },
                                    {
                                        "td": "Not reviewed"
                                    },
                                    {
                                        "td": "-"
                                    },
                                    {
                                        "td": "oliver.queen"
                                    }
                                ]
                            },
                            {
                                "tableCells": [
                                    {
                                        "td": "99866"
                                    },
                                    {
                                        "td": "Lorem ipsum dolor sit amet, consectetur adipisicing elit"
                                    },
                                    {
                                        "td": "Not reviewed"
                                    },
                                    {
                                        "td": "-"
                                    },
                                    {
                                        "td": "oliver.queen"
                                    }
                                ]
                            },
                            {
                                "tableCells": [
                                    {
                                        "td": "99866"
                                    },
                                    {
                                        "td": "Lorem ipsum dolor sit amet, consectetur adipisicing elit"
                                    },
                                    {
                                        "td": "Not reviewed"
                                    },
                                    {
                                        "td": "-"
                                    },
                                    {
                                        "td": "oliver.queen"
                                    }
                                ]
                            },
                            {
                                "tableCells": [
                                    {
                                        "td": "99866"
                                    },
                                    {
                                        "td": "Lorem ipsum dolor sit amet, consectetur adipisicing elit"
                                    },
                                    {
                                        "td": "Not reviewed"
                                    },
                                    {
                                        "td": "-"
                                    },
                                    {
                                        "td": "oliver.queen"
                                    }
                                ]
                            },
                            {
                                "tableCells": [
                                    {
                                        "td": "99866"
                                    },
                                    {
                                        "td": "Lorem ipsum dolor sit amet, consectetur adipisicing elit"
                                    },
                                    {
                                        "td": "Not reviewed"
                                    },
                                    {
                                        "td": "-"
                                    },
                                    {
                                        "td": "oliver.queen"
                                    }
                                ]
                            }
                        ],
                        "tableFooterCells": false
                    }
                }
            }
        ]
    },
    "footerNav": [
        {
            "label": "Terms of Use",
            "url": "#"
        },
        {
            "label": "Privacy Policy",
            "url": "#"
        }
    ]
}