{
    "verticalNavbar": {
        "navBarStyleModifier": "ads-c-navbar--vertical",
        "solidNav": {
            "solidNavItems": [
                {
                    "solidNavIcon": "resources-three",
                    "label": "Resources"
                },
                {
                    "solidNavIcon": "contact-three",
                    "label": "Contact"
                }
            ]
        },
        "primaryNav": false,
        "treeNav": {
            "navItems": [
    			{
    				"linkTag": true,
    				"buttonTag": false,
    				"label": "Getting Started",
    				"url": "#"
    			},
    			{
    				"linkTag": true,
    				"buttonTag": false,
    				"label": "Guidelines",
    				"url": "#",
    				"navIcon": "chevron-right",
    				"navChild": {
    					"navChildList": [
    						{
    							"label": "Code conventions"
    						},
    						{
    							"label": "Writing Guidelines"
    						}
    					]
    				}
    			},
    			{
    				"linkTag": true,
    				"buttonTag": false,
    				"label": "Styles",
    				"url": "#",
    				"navIcon": "chevron-right",
    				"navChild": {
    					"navChildList": [
    						{
    							"label": "Color Palette"
    						},
    						{
    							"label": "Typography"
    						}
    					]
    				}
    			},
    			{
    				"linkTag": true,
    				"buttonTag": false,
    				"label": "Components",
    				"url": "#",
    				"navIcon": "chevron-right",
    				"navChild": {
    					"navChildList": [
    						{
    							"label": "Blocks and cards",
    							"subnavIcon": "chevron-right",
    							"subnavChild": {
    								"subnavChildList": [
    									{
    										"label": "Overview"
    									}
    								]
    							}
    						},
    						{
    							"label": "Buttons",
    							"subnavIcon": "chevron-right",
    							"subnavChild": {
    								"subnavChildList": [
    									{
    										"label": "Overview"
    									}
    								]
    							}
    						},
    						{
    							"label": "Charts and graphs",
    							"subnavIcon": "chevron-right",
    							"subnavChild": {
    								"subnavChildList": [
    									{
    										"label": "Overview"
    									}
    								]
    							}
    						},
    						{
    							"label": "Form controls",
    							"subnavIcon": "chevron-right",
    							"subnavChild": {
    								"subnavChildList": [
    									{
    										"label": "Overview"
    									}
    								]
    							}
    						},
    						{
    							"label": "Headers and footers",
    							"subnavIcon": "chevron-right",
    							"subnavChild": {
    								"subnavChildList": [
    									{
    										"label": "Overview"
    									}
    								]
    							}
    						},
    						{
    							"label": "Imagery",
    							"subnavIcon": "chevron-right",
    							"subnavChild": {
    								"subnavChildList": [
    									{
    										"label": "Overview"
    									}
    								]
    							}
    						},
    						{
    							"label": "Icons",
    							"subnavIcon": "chevron-right",
    							"subnavChild": {
    								"subnavChildList": [
    									{
    										"label": "Overview"
    									}
    								]
    							}
    						},
    						{
    							"label": "Interactive panels",
    							"subnavIcon": "chevron-right",
    							"subnavChild": {
    								"subnavChildList": [
    									{
    										"label": "Overview"
    									}
    								]
    							}
    						},
    						{
    							"label": "Lists and collections",
    							"subnavIcon": "chevron-right",
    							"subnavChild": {
    								"subnavChildList": [
    									{
    										"label": "Overview"
    									}
    								]
    							}
    						},
    						{
    							"label": "Media",
    							"subnavIcon": "chevron-right",
    							"subnavChild": {
    								"subnavChildList": [
    									{
    										"label": "Overview"
    									}
    								]
    							}
    						},
    						{
    							"label": "Messaging",
    							"subnavIcon": "chevron-right",
    							"subnavChild": {
    								"subnavChildList": [
    									{
    										"label": "Overview"
    									}
    								]
    							}
    						},
    						{
    							"label": "Navigation",
    							"subnavIcon": "chevron-right",
    							"subnavChild": {
    								"subnavChildList": [
    									{
    										"label": "Overview"
    									}
    								]
    							}
    						},
    						{
    							"label": "Tables",
    							"subnavIcon": "chevron-right",
    							"subnavChild": {
    								"subnavChildList": [
    									{
    										"label": "Overview"
    									}
    								]
    							}
    						},
    						{
    							"label": "Text",
    							"subnavIcon": "chevron-right",
    							"subnavChild": {
    								"subnavChildList": [
    									{
    										"label": "Overview"
    									}
    								]
    							}
    						}
    					]
    				}
    			},
    			{
    				"linkTag": true,
    				"buttonTag": false,
    				"label": "Utilities",
    				"url": "#"
    			},
    			{
    				"linkTag": true,
    				"buttonTag": false,
    				"label": "Patterns & Flows",
    				"url": "#"
    			},
    			{
    				"linkTag": true,
    				"buttonTag": false,
    				"label": "Contribute",
    				"url": "#"
    			}
    		]
        },
        "utilityNav": false
    },
    "page": {
        "title": "Typography",
        "description": "Typography is used to clearly and effectively present content and copy within the Apollo design."
    },
    "tableSection": {
        "tableHeader": false,
        "tableHeaderCells" : [
            {
                "th" : "Example"
            },
            {
                "th" : "Header"
            },
            {
                "th" : "Weight"
            },
            {
                "th" : "Size"
            },
            {
                "th" : "Line Height"
            },
            {
                "th" : "Color"
            }
        ],
        "tableRows" : [
            {
                "tableCells" : [
                    {
                        "td" : "<h1>Headline 1</h1>"
                    },
                    {
                        "td" : "h1"
                    },
                    {
                        "td" : "Semibold / 500"
                    },
                    {
                        "td" : "80p"
                    },
                    {
                        "td" : "80p"
                    },
                    {
                        "td" : false,
                        "tableColorBlock": {
                            "styleModifier": "ads-c-color-block--small",
                            "backgroundColor": "#000000",
                            "title": "$color-black",
                            "variable": false,
                            "description": false
                        }
                    }
                ]
            },
            {
                "tableCells" : [
                    {
                        "td" : "<h2>Headline 1</h2>"
                    },
                    {
                        "td" : "h2"
                    },
                    {
                        "td" : "Semibold / 500"
                    },
                    {
                        "td" : "80p"
                    },
                    {
                        "td" : "80p"
                    },
                    {
                        "td" : false,
                        "tableColorBlock": {
                            "styleModifier": "ads-c-color-block--small",
                            "backgroundColor": "#000000",
                            "title": "$color-black",
                            "variable": false,
                            "description": false
                        }
                    }
                ]
            },
            {
                "tableCells" : [
                    {
                        "td" : "<h3>Headline 1</h3>"
                    },
                    {
                        "td" : "h3"
                    },
                    {
                        "td" : "Semibold / 500"
                    },
                    {
                        "td" : "80p"
                    },
                    {
                        "td" : "80p"
                    },
                    {
                        "td" : false,
                        "tableColorBlock": {
                            "styleModifier": "ads-c-color-block--small",
                            "backgroundColor": "#000000",
                            "title": "$color-black",
                            "variable": false,
                            "description": false
                        }
                    }
                ]
            },
            {
                "tableCells" : [
                    {
                        "td" : "<h4>Headline 1</h4>"
                    },
                    {
                        "td" : "h4"
                    },
                    {
                        "td" : "Semibold / 500"
                    },
                    {
                        "td" : "80p"
                    },
                    {
                        "td" : "80p"
                    },
                    {
                        "td" : false,
                        "tableColorBlock": {
                            "styleModifier": "ads-c-color-block--small",
                            "backgroundColor": "#000000",
                            "title": "$color-black",
                            "variable": false,
                            "description": false
                        }
                    }
                ]
            },
            {
                "tableCells" : [
                    {
                        "td" : "Body Copy"
                    },
                    {
                        "td" : "3"
                    },
                    {
                        "td" : "Regular / 300"
                    },
                    {
                        "td" : "16p"
                    },
                    {
                        "td" : "16p"
                    },
                    {
                        "td" : false,
                        "tableColorBlock": {
                            "styleModifier": "ads-c-color-block--small",
                            "backgroundColor": "#000000",
                            "title": "$color-black",
                            "variable": false,
                            "description": false
                        }
                    }
                ]
            },
            {
                "tableCells" : [
                    {
                        "td" : "Caption"
                    },
                    {
                        "td" : "h"
                    },
                    {
                        "td" : "Medium / 400"
                    },
                    {
                        "td" : "16p"
                    },
                    {
                        "td" : "16p"
                    },
                    {
                        "td" : false,
                        "tableColorBlock": {
                            "styleModifier": "ads-c-color-block--small",
                            "backgroundColor": "#d9d9d9",
                            "title": "$color-gray-15",
                            "variable": false,
                            "description": false
                        }
                    }
                ]
            }
        ]
    },
    "footerStyleModifier": "ads-c-footer--center",
    "footerNav": [
        {
            "label": "Release History",
            "url": "#"
        },
        {
            "label": "Contribute",
            "url": "#"
        }
    ],
    "footerMeta": "Apollo Design System v0.6 | Made with Moon Dust by the Apollo Team. © 2018 IQVIA."
}
